<?xml version='1.0' encoding='utf-8'?><!DOCTYPE hibernate-configuration PUBLIC
        "-//Hibernate/Hibernate Configuration DTD 3.0//EN"
        "http://hibernate.sourceforge.net/hibernate-configuration-3.0.dtd">
<hibernate-configuration>
    <session-factory>
        <property name="dialect">org.hibernate.dialect.MySQL8Dialect</property>
        <property name="connection.driver_class">com.mysql.jdbc.Driver</property>
        <property name="connection.username">root</property>
        <property name="connection.password"/>
        <property name="connection.url">jdbc:mysql://localhost:3306/RenCar?serverTimezone=UTC</property>
        <property name="cache.provider_class">org.hibernate.cache.NoCacheProvider</property>
        <property name="show_sql">true</property>
        <property name="hbm2ddl.auto">update</property>
        <mapping class="pl.zaciek.model.Car"/>
        <mapping class="pl.zaciek.model.CurrentRentals"/>
        <mapping class="pl.zaciek.model.Customer"/>
    </session-factory>
</hibernate-configuration>
